WAV File,Genus,Species,English Name,Location,Date,Original URL
520027.wav,Prinia,lepida,Delicate Prinia,"Vadhla Dam, Moti Kathechi, Surendranagar, Gujarat",2019-02-03,https:https://xeno-canto.org/520027/download
980950.wav,Hoplobatrachus,tigerinus,Indus Valley Bullfrog,"Cachar (near  Silcoorie Grant), Hills and Barak Valley Division, Assam",2002-08-31,https:https://xeno-canto.org/980950/download
980947.wav,Hylarana,leptoglossa,,"Cachar (near  Silcoorie Grant), Hills and Barak Valley Division, Assam",2002-08-31,https:https://xeno-canto.org/980947/download
980946.wav,Hylarana,leptoglossa,,"Cachar (near  Silcoorie Grant), Hills and Barak Valley Division, Assam",2002-08-31,https:https://xeno-canto.org/980946/download
980945.wav,Hylarana,leptoglossa,,"Cachar (near  Silcoorie Grant), Hills and Barak Valley Division, Assam",2002-08-31,https:https://xeno-canto.org/980945/download
980943.wav,Euphlyctis,cyanophlyctis,Common Skittering Frog,"Cachar (near  Silcoorie Grant), Hills and Barak Valley Division, Assam",2002-08-28,https:https://xeno-canto.org/980943/download
980935.wav,Hylarana,leptoglossa,,"Cachar (near  Silcoorie Grant), Hills and Barak Valley Division, Assam",2002-09-01,https:https://xeno-canto.org/980935/download
980927.wav,Hylarana,leptoglossa,,"Cachar (near  Silcoorie Grant), Hills and Barak Valley Division, Assam",2002-08-28,https:https://xeno-canto.org/980927/download
980924.wav,Hylarana,leptoglossa,,"Cachar (near  Silcoorie Grant), Hills and Barak Valley Division, Assam",2002-08-28,https:https://xeno-canto.org/980924/download
980923.wav,Hylarana,leptoglossa,,"Cachar (near  Silcoorie Grant), Hills and Barak Valley Division, Assam",2002-08-28,https:https://xeno-canto.org/980923/download
980918.wav,Euphlyctis,cyanophlyctis,Common Skittering Frog,"Cachar (near  Silcoorie Grant), Hills and Barak Valley Division, Assam",2002-08-31,https:https://xeno-canto.org/980918/download
980916.wav,Polypedates,leucomystax,Common Tree Frog,"Cachar (near  Silcoorie Grant), Hills and Barak Valley Division, Assam",2002-08-28,https:https://xeno-canto.org/980916/download
980915.wav,Polypedates,leucomystax,Common Tree Frog,"Cachar (near  Silcoorie Grant), Hills and Barak Valley Division, Assam",2002-08-27,https:https://xeno-canto.org/980915/download
980914.wav,Microhyla,ornata,Ornate Narrow-Mouthed Toad,"Cachar (near  Silcoorie Grant), Hills and Barak Valley Division, Assam",2002-09-02,https:https://xeno-canto.org/980914/download
980913.wav,Microhyla,ornata,Ornate Narrow-Mouthed Toad,"Cachar (near  Silcoorie Grant), Hills and Barak Valley Division, Assam",2002-09-02,https:https://xeno-canto.org/980913/download
980912.wav,Microhyla,ornata,Ornate Narrow-Mouthed Toad,"Cachar (near  Silcoorie Grant), Hills and Barak Valley Division, Assam",2002-09-02,https:https://xeno-canto.org/980912/download
980909.wav,Microhyla,ornata,Ornate Narrow-Mouthed Toad,"Cachar (near  Silcoorie Grant), Hills and Barak Valley Division, Assam",2002-09-02,https:https://xeno-canto.org/980909/download
980908.wav,Hylarana,leptoglossa,,"Cachar (near  Silcoorie Grant), Hills and Barak Valley Division, Assam",2002-09-01,https:https://xeno-canto.org/980908/download
980907.wav,Hylarana,leptoglossa,,"Cachar (near  Silcoorie Grant), Hills and Barak Valley Division, Assam",2002-09-01,https:https://xeno-canto.org/980907/download
980906.wav,Hylarana,leptoglossa,,"Cachar (near  Silcoorie Grant), Hills and Barak Valley Division, Assam",2002-09-01,https:https://xeno-canto.org/980906/download
980902.wav,Microhyla,heymonsi,Black-sided Narrow-mouth Frog,"Cachar (near  Silcoorie Grant), Hills and Barak Valley Division, Assam",2002-09-03,https:https://xeno-canto.org/980902/download
980896.wav,Hylarana,leptoglossa,,"Cachar (near  Silcoorie Grant), Hills and Barak Valley Division, Assam",2002-09-04,https:https://xeno-canto.org/980896/download
980894.wav,Hylarana,leptoglossa,,"Cachar (near  Silcoorie Grant), Hills and Barak Valley Division, Assam",2002-09-04,https:https://xeno-canto.org/980894/download
980893.wav,Hylarana,leptoglossa,,"Cachar (near  Silcoorie Grant), Hills and Barak Valley Division, Assam",2002-09-04,https:https://xeno-canto.org/980893/download
980891.wav,Hylarana,leptoglossa,,"Cachar (near  Silcoorie Grant), Hills and Barak Valley Division, Assam",2002-09-04,https:https://xeno-canto.org/980891/download
980889.wav,Hylarana,leptoglossa,,"Cachar (near  Silcoorie Grant), Hills and Barak Valley Division, Assam",2002-09-04,https:https://xeno-canto.org/980889/download
980830.wav,Hoplobatrachus,tigerinus,Indus Valley Bullfrog,"Cachar (near  Silchar), Hills and Barak Valley Division, Assam",2003-05-20,https:https://xeno-canto.org/980830/download
980829.wav,Euphlyctis,cyanophlyctis,Common Skittering Frog,"Cachar (near  Silchar), Hills and Barak Valley Division, Assam",2003-05-20,https:https://xeno-canto.org/980829/download
980812.wav,Kaloula,pulchra,Asian Painted Frog,"East Khasi Hills (near  Sohsarat), Shillong Division, Meghalaya",2003-06-07,https:https://xeno-canto.org/980812/download
980811.wav,Xenophrys,serchhipii,,"East Khasi Hills (near  Laitkynsew), Shillong Division, Meghalaya",2003-06-03,https:https://xeno-canto.org/980811/download
961878.wav,Funambulus,palmarum,Indian Palm Squirrel,"Pothumedu, Munnar, Kerala",2006-02-12,https:https://xeno-canto.org/961878/download
409718.wav,Prinia,lepida,Delicate Prinia,"Harike wetlands, Talwandi Nepalan, Ferozepur, Punjab",2016-01-14,https:https://xeno-canto.org/409718/download
215865.wav,Ducula,cuprea,Malabar Imperial Pigeon,"Tambdi Surla, Bhagwan Mahaveer Wildlife Sanctuary, Goa",2009-05-05,https:https://xeno-canto.org/215865/download
215864.wav,Ducula,cuprea,Malabar Imperial Pigeon,"Tambdi Surla, Bhagwan Mahaveer Wildlife Sanctuary, Goa",2009-05-05,https:https://xeno-canto.org/215864/download
149604.wav,Prinia,lepida,Delicate Prinia,"West of Chhari Lake, Kutch, Gujarat (1)",2013-01-30,https:https://xeno-canto.org/149604/download
149603.wav,Prinia,lepida,Delicate Prinia,"West of Chhari Lake, Kutch, Gujarat (1)",2013-01-30,https:https://xeno-canto.org/149603/download
107010.wav,Prinia,lepida,Delicate Prinia,little rann of kutch gujarat india,2011-12-30,https:https://xeno-canto.org/107010/download
19263.wav,Prinia,lepida,Delicate Prinia,Dibru Saikhowa,0000-00-00,https:https://xeno-canto.org/19263/download
981818.wav,Rhinolophus,andamanensis,Homfray's Horseshoe Bat,"Mount Harriet, Andaman and Nicobar Islands",2025-02-01,https:https://xeno-canto.org/981818/download
980910.wav,Microhyla,ornata,Ornate Narrow-Mouthed Toad,"Cachar (near  Silcoorie Grant), Hills and Barak Valley Division, Assam",2002-09-02,https:https://xeno-canto.org/980910/download
980899.wav,Microhyla,heymonsi,Black-sided Narrow-mouth Frog,"Cachar (near  Silcoorie Grant), Hills and Barak Valley Division, Assam",2002-09-03,https:https://xeno-canto.org/980899/download
980394.wav,Rhinolophus,andamanensis,Homfray's Horseshoe Bat,"Long Island, Andaman and Nicobar Islands",2025-02-17,https:https://xeno-canto.org/980394/download
975614.wav,Canis,aureus,Golden Jackal,"Payyavoor, Kannur, Kerala",2025-02-19,https:https://xeno-canto.org/975614/download
961861.wav,Ratufa,indica,Indian Giant Squirrel,"Idukki (near  Munnar), Kerala",2006-02-11,https:https://xeno-canto.org/961861/download
473594.wav,Ducula,cuprea,Malabar Imperial Pigeon,"Thattekad Bird Sanctuary--Urulanthanni, Idukki County, Kerala",2016-02-03,https:https://xeno-canto.org/473594/download
473472.wav,Ducula,cuprea,Malabar Imperial Pigeon,"Thattekad Bird Sanctuary--Urulanthanni, Idukki County, Kerala",2016-02-01,https:https://xeno-canto.org/473472/download
453416.wav,Chloropsis,moluccensis,Blue-winged Leafbird,"Aizawl, Aizawl, Mizoram",2018-10-24,https:https://xeno-canto.org/453416/download
369191.wav,Ducula,cuprea,Malabar Imperial Pigeon,"Thattekad Bird Sanctuary--Urulanthanni, Idukki County, Kerala",2017-04-11,https:https://xeno-canto.org/369191/download
369190.wav,Ducula,cuprea,Malabar Imperial Pigeon,"Thattekad Bird Sanctuary--Urulanthanni, Idukki County, Kerala",2017-04-11,https:https://xeno-canto.org/369190/download
362122.wav,Ducula,cuprea,Malabar Imperial Pigeon,"Kakkadampoyil, Malappuram, Kerala",2017-03-19,https:https://xeno-canto.org/362122/download
308189.wav,Prinia,lepida,Delicate Prinia,"Desert National Park, Thar Desert, near Jaisalmer, Rajasthan",2016-01-14,https:https://xeno-canto.org/308189/download
204225.wav,Ducula,cuprea,Malabar Imperial Pigeon,Netravali WLS,2014-11-23,https:https://xeno-canto.org/204225/download
190711.wav,Ducula,cuprea,Malabar Imperial Pigeon,"Bhagwan Mahaveer Sanctuary And Mollem National Park (near  Mollem), South Goa, Goa",2014-04-17,https:https://xeno-canto.org/190711/download
172589.wav,Ducula,cuprea,Malabar Imperial Pigeon,"Dedorem, Mhadei WLS, Satari - Goa",2014-03-23,https:https://xeno-canto.org/172589/download
981817.wav,Rhinolophus,cognatus,Andaman Horseshoe Bat,"Mount Harriet, Andaman and Nicobar Islands",2025-02-01,https:https://xeno-canto.org/981817/download
978615.wav,Funambulus,palmarum,Indian Palm Squirrel,"South Goa (near  Verna), Goa",2017-12-18,https:https://xeno-canto.org/978615/download
453851.wav,Prinia,lepida,Delicate Prinia,"Burha Mayang Par, Kamrup, Assam",2019-01-26,https:https://xeno-canto.org/453851/download
362112.wav,Ducula,cuprea,Malabar Imperial Pigeon,"Kakkadampoyil, Malappuram, Kerala",2017-03-19,https:https://xeno-canto.org/362112/download
178249.wav,Ducula,cuprea,Malabar Imperial Pigeon,"Badgund, Uttara Kannada, Karnataka",2014-05-07,https:https://xeno-canto.org/178249/download
973525.wav,Trachypithecus,pileatus,Capped Langur,"Bhuniyapara, Baksa, Assam",2024-03-10,https:https://xeno-canto.org/973525/download
504868.wav,Prinia,lepida,Delicate Prinia,"Durgapur Barrage Birding Hotspot, Durgapur, West Bengal",2017-07-16,https:https://xeno-canto.org/504868/download
504867.wav,Prinia,lepida,Delicate Prinia,"Durgapur Barrage Birding Hotspot, Durgapur, West Bengal",2017-07-16,https:https://xeno-canto.org/504867/download
711755.wav,Dendrocygna,bicolor,Fulvous Whistling Duck,"Guduvancheri, Kanchipuram, Tamil Nadu",2022-02-06,https:https://xeno-canto.org/711755/download
711754.wav,Dendrocygna,bicolor,Fulvous Whistling Duck,"Guduvancheri, Kanchipuram, Tamil Nadu",2022-02-06,https:https://xeno-canto.org/711754/download
429767.wav,Dendrocygna,bicolor,Fulvous Whistling Duck,"OMR - Medavakkam Toll Gate (near  Chennai), Kanchipuram, Tamil Nadu",2017-08-27,https:https://xeno-canto.org/429767/download
772636.wav,Dendrocygna,javanica,Lesser Whistling Duck,"Ograbraj (near  Hobdipur RV), Andaman and Nicobar Islands",2022-12-14,https:https://xeno-canto.org/772636/download
369151.wav,Dendrocygna,javanica,Lesser Whistling Duck,"Near Chouldari, South Andaman County, Andaman and Nicobar Islands",2017-04-23,https:https://xeno-canto.org/369151/download
369150.wav,Dendrocygna,javanica,Lesser Whistling Duck,"Near Chouldari, South Andaman County, Andaman and Nicobar Islands",2017-04-23,https:https://xeno-canto.org/369150/download
178554.wav,Dendrocygna,javanica,Lesser Whistling Duck,"Goncoi, Aldona,Bardez, Goa",2014-05-18,https:https://xeno-canto.org/178554/download
773237.wav,Dendrocygna,javanica,Lesser Whistling Duck,"Ograbraj (near  Hobdipur RV), Andaman and Nicobar Islands",2022-12-14,https:https://xeno-canto.org/773237/download
772637.wav,Dendrocygna,javanica,Lesser Whistling Duck,"Ograbraj (near  Hobdipur RV), Andaman and Nicobar Islands",2022-12-14,https:https://xeno-canto.org/772637/download
472687.wav,Dendrocygna,javanica,Lesser Whistling Duck,"Keoladeo National Park, Bharatpur, Rajasthan",2019-04-06,https:https://xeno-canto.org/472687/download
472686.wav,Dendrocygna,javanica,Lesser Whistling Duck,"Keoladeo National Park, Bharatpur, Rajasthan",2019-04-06,https:https://xeno-canto.org/472686/download
425093.wav,Dendrocygna,javanica,Lesser Whistling Duck,"Mallapuzhassery, Pathanamthitta, Kerala",2017-10-01,https:https://xeno-canto.org/425093/download
351852.wav,Dendrocygna,javanica,Lesser Whistling Duck,"Shreenagar Rural, Bharatpur, Rajasthan",2016-12-21,https:https://xeno-canto.org/351852/download
276848.wav,Dendrocygna,javanica,Lesser Whistling Duck,"Kalady, Ernakulam, Kerala",2015-08-29,https:https://xeno-canto.org/276848/download
207096.wav,Dendrocygna,javanica,Lesser Whistling Duck,"Maitollem Lake, South Goa, Goa",2014-12-14,https:https://xeno-canto.org/207096/download
95805.wav,Dendrocygna,javanica,Lesser Whistling Duck,saldi pond,2011-10-04,https:https://xeno-canto.org/95805/download
44829.wav,Dendrocygna,javanica,Lesser Whistling Duck,"Carambolim Lake, Goa",2010-01-09,https:https://xeno-canto.org/44829/download
667381.wav,Dendrocygna,javanica,Lesser Whistling Duck,"Virar, Thane, Maharashtra",2021-07-01,https:https://xeno-canto.org/667381/download
276849.wav,Dendrocygna,javanica,Lesser Whistling Duck,"Kalady, Ernakulam, Kerala",2015-08-29,https:https://xeno-canto.org/276849/download
693226.wav,Dendrocygna,javanica,Lesser Whistling Duck,"Khamkhede, Jalgaon, Maharashtra",2021-12-24,https:https://xeno-canto.org/693226/download
234153.wav,Dendrocygna,javanica,Lesser Whistling Duck,"Chhatri Lake, Amravati, Maharashtra",2014-04-04,https:https://xeno-canto.org/234153/download
212199.wav,Dendrocygna,javanica,Lesser Whistling Duck,"Carambolim Lake, Goa",2014-12-16,https:https://xeno-canto.org/212199/download
960229.wav,Anser,indicus,Bar-headed Goose,"Bharatpur Bird Sanctuary (near  Bharatpur), Bharatpur, Rajasthan",2024-12-29,https:https://xeno-canto.org/960229/download
959369.wav,Anser,indicus,Bar-headed Goose,"Jaitpur Chambal, Dhaulpur, Madhya Pradesh",2025-01-01,https:https://xeno-canto.org/959369/download
677152.wav,Anser,indicus,Bar-headed Goose,"Pong Dam-Nagrota Surian, Kangra, Himachal Pradesh",2021-09-10,https:https://xeno-canto.org/677152/download
414923.wav,Anser,indicus,Bar-headed Goose,"Kaziranga National Park, Assam",2015-01-25,https:https://xeno-canto.org/414923/download
165828.wav,Anser,indicus,Bar-headed Goose,"Northeast of Tal Chappar, Rajasthan",2014-01-13,https:https://xeno-canto.org/165828/download
604296.wav,Anser,indicus,Bar-headed Goose,"Kaziranga National Park, Assam",2017-03-09,https:https://xeno-canto.org/604296/download
460220.wav,Anser,indicus,Bar-headed Goose,"Keoladeo National Park, Bharatpur, Rajasthan",2019-02-19,https:https://xeno-canto.org/460220/download
431197.wav,Anser,indicus,Bar-headed Goose,"Menar, Udaipur, Rajasthan",2018-02-15,https:https://xeno-canto.org/431197/download
431196.wav,Anser,indicus,Bar-headed Goose,"Menar, Udaipur, Rajasthan",2018-02-15,https:https://xeno-canto.org/431196/download
116353.wav,Anser,indicus,Bar-headed Goose,"Kaziranga National Park, Sohola Beel, Assam",2012-11-24,https:https://xeno-canto.org/116353/download
116352.wav,Anser,indicus,Bar-headed Goose,"Kaziranga National Park, Sohola Beel, Assam",2012-11-24,https:https://xeno-canto.org/116352/download
460187.wav,Anser,indicus,Bar-headed Goose,"Keoladeo National Park, Bharatpur, Rajasthan",2019-02-19,https:https://xeno-canto.org/460187/download
157293.wav,Anser,indicus,Bar-headed Goose,"Bhandariya Nana, Amreli, Gujarat",2013-12-04,https:https://xeno-canto.org/157293/download
116612.wav,Anser,indicus,Bar-headed Goose,"Harike, Punjab",2012-12-21,https:https://xeno-canto.org/116612/download
665551.wav,Anser,anser,Greylag Goose,Rann Riders,2012-02-25,https:https://xeno-canto.org/665551/download
415933.wav,Anser,anser,Greylag Goose,"Kaziranga National Park, Assam",2015-01-24,https:https://xeno-canto.org/415933/download
303712.wav,Anser,anser,Greylag Goose,"Shreenagar Rural, Bharatpur, Rajasthan",2016-02-12,https:https://xeno-canto.org/303712/download
149547.wav,Anser,anser,Greylag Goose,Sultanpur Bird Sanctuary,2013-01-20,https:https://xeno-canto.org/149547/download
116645.wav,Anser,anser,Greylag Goose,"Kaziranga National Park, Sohola Beel, Assam",2012-11-25,https:https://xeno-canto.org/116645/download
116644.wav,Anser,anser,Greylag Goose,"Kaziranga National Park, Sohola Beel, Assam",2012-11-25,https:https://xeno-canto.org/116644/download
116643.wav,Anser,anser,Greylag Goose,"Kaziranga National Park, Sohola Beel, Assam",2012-11-25,https:https://xeno-canto.org/116643/download
116642.wav,Anser,anser,Greylag Goose,"Kaziranga National Park, Sohola Beel, Assam",2012-11-25,https:https://xeno-canto.org/116642/download
344304.wav,Anser,anser,Greylag Goose,"Kabi Mohanpur, Birbhum, West Bengal",2016-01-17,https:https://xeno-canto.org/344304/download
92198.wav,Anser,anser,Greylag Goose,little rann of kutch gujarat india,2011-12-30,https:https://xeno-canto.org/92198/download
169833.wav,Anser,anser,Greylag Goose,"Keoladeo National Park (near  Shreenagar Rural), Bharatpur, Rajasthan",2014-01-09,https:https://xeno-canto.org/169833/download
169832.wav,Anser,anser,Greylag Goose,"Keoladeo National Park (near  Shreenagar Rural), Bharatpur, Rajasthan",2014-01-09,https:https://xeno-canto.org/169832/download
165716.wav,Anser,albifrons,Greater White-fronted Goose,"Makhana, Kutch, Gujarat",2014-01-19,https:https://xeno-canto.org/165716/download
150138.wav,Sarkidiornis,melanotos,Knob-billed Duck,saldi pond  amreli ,2013-10-05,https:https://xeno-canto.org/150138/download
355097.wav,Tadorna,tadorna,Common Shelduck,"Gajaldoba, West Bengal",2016-03-05,https:https://xeno-canto.org/355097/download
960252.wav,Tadorna,ferruginea,Ruddy Shelduck,"Bharatpur Bird Sanctuary (near  Bharatpur), Bharatpur, Rajasthan",2024-12-31,https:https://xeno-canto.org/960252/download
205052.wav,Tadorna,ferruginea,Ruddy Shelduck,"Dhado-Carambolim, North Goa, Goa",2014-12-01,https:https://xeno-canto.org/205052/download
89902.wav,Tadorna,ferruginea,Ruddy Shelduck,saldi pond amreli gujarat india,2011-11-07,https:https://xeno-canto.org/89902/download
583068.wav,Tadorna,ferruginea,Ruddy Shelduck,"Nawatalao lake, Kutch, Gujarat",2007-02-28,https:https://xeno-canto.org/583068/download
473077.wav,Tadorna,ferruginea,Ruddy Shelduck,"Keoladeo National Park, Bharatpur, Rajasthan",2019-04-06,https:https://xeno-canto.org/473077/download
473076.wav,Tadorna,ferruginea,Ruddy Shelduck,"Keoladeo National Park, Bharatpur, Rajasthan",2019-04-06,https:https://xeno-canto.org/473076/download
358059.wav,Tadorna,ferruginea,Ruddy Shelduck,"Pimprisekam, Jalgaon, Maharashtra",2017-03-04,https:https://xeno-canto.org/358059/download
346334.wav,Tadorna,ferruginea,Ruddy Shelduck,"Mangalajodi, Khordha, Odisha",2016-12-02,https:https://xeno-canto.org/346334/download
308272.wav,Tadorna,ferruginea,Ruddy Shelduck,"Bhuj, Kutch, Gujarat",2016-01-18,https:https://xeno-canto.org/308272/download
192190.wav,Tadorna,ferruginea,Ruddy Shelduck,"Carambolim Lake, Goa",0213-12-02,https:https://xeno-canto.org/192190/download
116846.wav,Tadorna,ferruginea,Ruddy Shelduck,"Nameri National Park, Assam",2012-11-27,https:https://xeno-canto.org/116846/download
116845.wav,Tadorna,ferruginea,Ruddy Shelduck,"Kaziranga National Park, Sohola Beel, Assam",2012-11-24,https:https://xeno-canto.org/116845/download
577361.wav,Tadorna,ferruginea,Ruddy Shelduck,"Kavadi Pat, Pune, Maharashtra",2011-01-19,https:https://xeno-canto.org/577361/download
577358.wav,Tadorna,ferruginea,Ruddy Shelduck,"Kavadi Pat, Pune, Maharashtra",2011-01-19,https:https://xeno-canto.org/577358/download
577357.wav,Tadorna,ferruginea,Ruddy Shelduck,"Kavadi Pat, Pune, Maharashtra",2011-01-19,https:https://xeno-canto.org/577357/download
358061.wav,Tadorna,ferruginea,Ruddy Shelduck,BTPS Tapti River,2017-03-04,https:https://xeno-canto.org/358061/download
357937.wav,Tadorna,ferruginea,Ruddy Shelduck,"Pimprisekam, Jalgaon, Maharashtra",2017-03-04,https:https://xeno-canto.org/357937/download
357932.wav,Tadorna,ferruginea,Ruddy Shelduck,"Pimprisekam, Jalgaon, Maharashtra",2017-03-04,https:https://xeno-canto.org/357932/download
342043.wav,Tadorna,ferruginea,Ruddy Shelduck,"Durgapur Barrage Birding Hotspot, Durgapur, West Bengal",2015-01-03,https:https://xeno-canto.org/342043/download
99857.wav,Tadorna,ferruginea,Ruddy Shelduck,"Mangalajodi, Khordha, Odisha",2012-01-23,https:https://xeno-canto.org/99857/download
29889.wav,Tadorna,ferruginea,Ruddy Shelduck,"Mayani Lake, Satara, Maharashtra",0000-00-00,https:https://xeno-canto.org/29889/download
358063.wav,Tadorna,ferruginea,Ruddy Shelduck,BTPS_Tapti River,2017-03-04,https:https://xeno-canto.org/358063/download
207100.wav,Nettapus,coromandelianus,Cotton Pygmy Goose,"Maitollem Lake, South Goa, Goa",2014-12-14,https:https://xeno-canto.org/207100/download
304570.wav,Nettapus,coromandelianus,Cotton Pygmy Goose,"Ambulor Lake, South Goa, Goa",2016-02-15,https:https://xeno-canto.org/304570/download
547437.wav,Spatula,querquedula,Garganey,"Yelahanka Kere, Karnataka",2019-04-10,https:https://xeno-canto.org/547437/download
460209.wav,Spatula,querquedula,Garganey,"Keoladeo National Park, Bharatpur, Rajasthan",2019-02-19,https:https://xeno-canto.org/460209/download
473061.wav,Spatula,querquedula,Garganey,"Keoladeo National Park, Bharatpur, Rajasthan",2019-04-06,https:https://xeno-canto.org/473061/download
364098.wav,Spatula,querquedula,Garganey,"Salcete (near  Curtorim), South Goa, Goa",2017-02-09,https:https://xeno-canto.org/364098/download
89897.wav,Spatula,querquedula,Garganey,saldi pond amreli gujarat india,2011-11-07,https:https://xeno-canto.org/89897/download
347603.wav,Spatula,clypeata,Northern Shoveler,"Batim lake, North Goa, Goa",2016-11-26,https:https://xeno-canto.org/347603/download
95806.wav,Spatula,clypeata,Northern Shoveler,saldi pond,2011-11-12,https:https://xeno-canto.org/95806/download
460200.wav,Spatula,clypeata,Northern Shoveler,"Keoladeo National Park, Bharatpur, Rajasthan",2019-02-19,https:https://xeno-canto.org/460200/download
116538.wav,Mareca,strepera,Gadwall,"Kaziranga National Park, Sohola Beel, Assam",2012-11-25,https:https://xeno-canto.org/116538/download
116536.wav,Mareca,strepera,Gadwall,"Kaziranga National Park, Sohola Beel, Assam",2012-11-25,https:https://xeno-canto.org/116536/download
882219.wav,Mareca,strepera,Gadwall,"Tinsukia (near  Erasuti N.C.), Upper Assam Division, Assam",2024-02-10,https:https://xeno-canto.org/882219/download
95808.wav,Mareca,strepera,Gadwall,saldi pond,2011-11-08,https:https://xeno-canto.org/95808/download
632969.wav,Mareca,penelope,Eurasian Wigeon,"Maguri bill,Tinsukia, Assam",2020-01-13,https:https://xeno-canto.org/632969/download
89898.wav,Mareca,penelope,Eurasian Wigeon,saldi pond amreli gujarat india,2011-11-07,https:https://xeno-canto.org/89898/download
116537.wav,Mareca,penelope,Eurasian Wigeon,"Kaziranga National Park, Sohola Beel, Assam",2012-11-25,https:https://xeno-canto.org/116537/download
980489.wav,Mareca,penelope,Eurasian Wigeon,"Bharatpur Bird Sanctuary (near  Bharatpur), Bharatpur, Rajasthan",2024-12-29,https:https://xeno-canto.org/980489/download
580931.wav,Anas,poecilorhyncha,Indian Spot-billed Duck,"Chennai, Kanchipuram, Tamil Nadu",2020-08-03,https:https://xeno-canto.org/580931/download
580930.wav,Anas,poecilorhyncha,Indian Spot-billed Duck,"Chennai, Kanchipuram, Tamil Nadu",2020-08-03,https:https://xeno-canto.org/580930/download
571156.wav,Anas,poecilorhyncha,Indian Spot-billed Duck,"Bhose, Pune, Maharashtra",2011-08-03,https:https://xeno-canto.org/571156/download
568941.wav,Anas,poecilorhyncha,Indian Spot-billed Duck,"Jatoli Ghana, Bharatpur, Rajasthan",1986-02-12,https:https://xeno-canto.org/568941/download
960235.wav,Anas,poecilorhyncha,Indian Spot-billed Duck,"Bharatpur Bird Sanctuary (near  Bharatpur), Bharatpur, Rajasthan",2024-12-29,https:https://xeno-canto.org/960235/download
580929.wav,Anas,poecilorhyncha,Indian Spot-billed Duck,"Chennai, Kanchipuram, Tamil Nadu",2020-08-03,https:https://xeno-canto.org/580929/download
547552.wav,Anas,poecilorhyncha,Indian Spot-billed Duck,"Wildlife Institute of India Campus--Nature Trail, Uttarakhand",2019-04-12,https:https://xeno-canto.org/547552/download
547551.wav,Anas,poecilorhyncha,Indian Spot-billed Duck,"Wildlife Institute of India Campus--Nature Trail, Uttarakhand",2019-04-12,https:https://xeno-canto.org/547551/download
547550.wav,Anas,poecilorhyncha,Indian Spot-billed Duck,"Wildlife Institute of India Campus--Nature Trail, Uttarakhand",2019-04-12,https:https://xeno-canto.org/547550/download
547549.wav,Anas,poecilorhyncha,Indian Spot-billed Duck,"Wildlife Institute of India Campus--Nature Trail, Uttarakhand",2019-04-12,https:https://xeno-canto.org/547549/download
547548.wav,Anas,poecilorhyncha,Indian Spot-billed Duck,"Wildlife Institute of India Campus--Nature Trail, Uttarakhand",2019-04-12,https:https://xeno-canto.org/547548/download
547547.wav,Anas,poecilorhyncha,Indian Spot-billed Duck,"Wildlife Institute of India Campus--Nature Trail, Uttarakhand",2019-04-12,https:https://xeno-canto.org/547547/download
468784.wav,Anas,poecilorhyncha,Indian Spot-billed Duck,"WII Nature trail pond, Dehradun, Uttarakhand",2019-04-13,https:https://xeno-canto.org/468784/download
460208.wav,Anas,poecilorhyncha,Indian Spot-billed Duck,"Keoladeo National Park, Bharatpur, Rajasthan",2019-02-19,https:https://xeno-canto.org/460208/download
424143.wav,Anas,poecilorhyncha,Indian Spot-billed Duck,"Kanchipuram, Tamil Nadu",2017-09-17,https:https://xeno-canto.org/424143/download
195759.wav,Anas,poecilorhyncha,Indian Spot-billed Duck,"Pune, Pune, Maharashtra",2014-09-16,https:https://xeno-canto.org/195759/download
166170.wav,Anas,poecilorhyncha,Indian Spot-billed Duck,"Vena Reservoir, Rohana, Nagpur, Maharashtra",2014-01-25,https:https://xeno-canto.org/166170/download
124019.wav,Anas,poecilorhyncha,Indian Spot-billed Duck,"Nannaj, Maharashtra",2012-09-16,https:https://xeno-canto.org/124019/download
574746.wav,Anas,poecilorhyncha,Indian Spot-billed Duck,"Chennai, Kanchipuram, Tamil Nadu",2019-10-20,https:https://xeno-canto.org/574746/download
574745.wav,Anas,poecilorhyncha,Indian Spot-billed Duck,"Chennai, Kanchipuram, Tamil Nadu",2019-10-20,https:https://xeno-canto.org/574745/download
472573.wav,Anas,poecilorhyncha,Indian Spot-billed Duck,"Keoladeo National Park, Bharatpur, Rajasthan",2019-04-06,https:https://xeno-canto.org/472573/download
467964.wav,Anas,poecilorhyncha,Indian Spot-billed Duck,"WII Nature trail pond, Dehradun, Uttarakhand",2019-04-13,https:https://xeno-canto.org/467964/download
114233.wav,Anas,poecilorhyncha,Indian Spot-billed Duck,Krishna River,2012-07-22,https:https://xeno-canto.org/114233/download
95804.wav,Anas,poecilorhyncha,Indian Spot-billed Duck,saldi pond,2011-12-04,https:https://xeno-canto.org/95804/download
472572.wav,Anas,poecilorhyncha,Indian Spot-billed Duck,"Keoladeo National Park, Bharatpur, Rajasthan",2019-04-06,https:https://xeno-canto.org/472572/download
452274.wav,Anas,poecilorhyncha,Indian Spot-billed Duck,"IIT Madras, Chennai, Tamil Nadu",2019-01-08,https:https://xeno-canto.org/452274/download
358064.wav,Anas,poecilorhyncha,Indian Spot-billed Duck,"Pimprisekam, Jalgaon, Maharashtra",2017-03-04,https:https://xeno-canto.org/358064/download
122883.wav,Anas,platyrhynchos,Mallard,"Amreli, Amreli, Gujarat",2013-02-11,https:https://xeno-canto.org/122883/download
95807.wav,Anas,acuta,Northern Pintail,saldi pond,2011-11-10,https:https://xeno-canto.org/95807/download
304572.wav,Anas,acuta,Northern Pintail,"Ambulor Lake, South Goa, Goa",2016-02-15,https:https://xeno-canto.org/304572/download
89777.wav,Anas,crecca,Eurasian Teal,saldi poad amreli gujarat india,2011-11-05,https:https://xeno-canto.org/89777/download
369047.wav,Anas,albogularis,Andaman Teal,"Road to Chidya Tapu, South Andaman County, Andaman and Nicobar Islands",2017-04-25,https:https://xeno-canto.org/369047/download
776949.wav,Anas,albogularis,Andaman Teal,"Ograbraj (near  Hobdipur RV), Andaman and Nicobar Islands",2023-01-23,https:https://xeno-canto.org/776949/download
369045.wav,Anas,albogularis,Andaman Teal,"Near Chouldari, South Andaman County, Andaman and Nicobar Islands",2017-04-23,https:https://xeno-canto.org/369045/download
369044.wav,Anas,albogularis,Andaman Teal,"Near Chouldari, South Andaman County, Andaman and Nicobar Islands",2017-04-23,https:https://xeno-canto.org/369044/download
369043.wav,Anas,albogularis,Andaman Teal,"Near Chouldari, South Andaman County, Andaman and Nicobar Islands",2017-04-23,https:https://xeno-canto.org/369043/download
369046.wav,Anas,albogularis,Andaman Teal,"Road to Chidya Tapu, South Andaman County, Andaman and Nicobar Islands",2017-04-25,https:https://xeno-canto.org/369046/download
100080.wav,Aythya,ferina,Common Pochard,saldi pond ,2012-01-17,https:https://xeno-canto.org/100080/download
959402.wav,Mergus,merganser,Common Merganser,Chuchot Gongma,2024-12-23,https:https://xeno-canto.org/959402/download
157361.wav,Mergus,merganser,Common Merganser,"Lake Tso Moriri, Ladakh, India",2013-08-19,https:https://xeno-canto.org/157361/download
,Megapodius,nicobariensis,Nicobar Megapode,,2015-11-26,https:
,Megapodius,nicobariensis,Nicobar Megapode,,2015-12-19,https:
,Megapodius,nicobariensis,Nicobar Megapode,,2003-12-03,https:
,Megapodius,nicobariensis,Nicobar Megapode,,2003-11-30,https:
,Megapodius,nicobariensis,Nicobar Megapode,,2003-11-30,https:
,Megapodius,nicobariensis,Nicobar Megapode,,2003-11-29,https:
,Megapodius,nicobariensis,Nicobar Megapode,,2002-04-25,https:
953992.wav,Arborophila,torqueola,Hill Partridge,"Tiwarigaon-Mayodia Road,Mehao Wildlife Sanctuary, Arunachal",2023-04-22,https:https://xeno-canto.org/953992/download
953990.wav,Arborophila,torqueola,Hill Partridge,"Tiwarigaon-Mayodia Road,Mehao Wildlife Sanctuary, Arunachal",2023-04-21,https:https://xeno-canto.org/953990/download
953989.wav,Arborophila,torqueola,Hill Partridge,"Tiwarigaon-Mayodia Road,Mehao Wildlife Sanctuary, Arunachal",2023-04-21,https:https://xeno-canto.org/953989/download
953988.wav,Arborophila,torqueola,Hill Partridge,"Tiwarigaon-Mayodia Road,Mehao Wildlife Sanctuary, Arunachal",2023-04-21,https:https://xeno-canto.org/953988/download
953986.wav,Arborophila,torqueola,Hill Partridge,"Fambong Lho Wildlife Sanctuary, Gangtok Sikkim",2018-07-04,https:https://xeno-canto.org/953986/download
953983.wav,Arborophila,torqueola,Hill Partridge,"Lama Camp,Eaglenest Wildlife Sanctuary, Arunachal Pradesh",2011-04-15,https:https://xeno-canto.org/953983/download
953982.wav,Arborophila,torqueola,Hill Partridge,"Kanchula Kharak-Mandal Road, Kedarnath Wildlife Sanctuary, Uttarakhand",2010-05-25,https:https://xeno-canto.org/953982/download
953981.wav,Arborophila,torqueola,Hill Partridge,"Nainital-Pangot Road, Nainital, Uttarakhand",2010-05-05,https:https://xeno-canto.org/953981/download
953979.wav,Arborophila,torqueola,Hill Partridge,"Mayodia,Mehao Wildlife Sanctuary,Arunachal Pradesh",2009-04-27,https:https://xeno-canto.org/953979/download
953978.wav,Arborophila,torqueola,Hill Partridge,"Dhanaulti, Dehradun, Uttarakhand",2009-04-02,https:https://xeno-canto.org/953978/download
953977.wav,Arborophila,torqueola,Hill Partridge,"Chakrata, Uttarakhand",2008-06-02,https:https://xeno-canto.org/953977/download
953976.wav,Arborophila,torqueola,Hill Partridge,"Kalipokhari-Gairibas, Sandakphu Track,Darjeeling, West Bengal",2008-05-11,https:https://xeno-canto.org/953976/download
953975.wav,Arborophila,torqueola,Hill Partridge,"Sandakphu, Darjeeling, West Bengal",2008-05-09,https:https://xeno-canto.org/953975/download
953974.wav,Arborophila,torqueola,Hill Partridge,"Bompu-Chako,Eaglenest Wildlife Sanctuary, Arunachal Pradesh",2008-04-28,https:https://xeno-canto.org/953974/download
953971.wav,Arborophila,torqueola,Hill Partridge,"Eaglenest Pass, Eaglenest Wildlife Sanctuary, Arunachal Pradesh",2008-04-24,https:https://xeno-canto.org/953971/download
953970.wav,Arborophila,torqueola,Hill Partridge,"Eaglenest Pass, Eaglenest Wildlife Sanctuary, Arunachal Pradesh",2008-04-24,https:https://xeno-canto.org/953970/download
953968.wav,Arborophila,torqueola,Hill Partridge,"Bompu, Eaglenest Wildlife Sanctuary, Arunachal Pradesh",2008-04-03,https:https://xeno-canto.org/953968/download
953965.wav,Arborophila,torqueola,Hill Partridge,"Tsoka,Khangchendzonga National Park, Sikkim",2007-05-19,https:https://xeno-canto.org/953965/download
953961.wav,Arborophila,torqueola,Hill Partridge,"Lama Camp,Eaglenest Wildlife Sanctuary, Arunachal Pradesh",2005-01-26,https:https://xeno-canto.org/953961/download
953958.wav,Arborophila,torqueola,Hill Partridge,"Sesni, Eaglenest Wildlife Sanctuary,Arunachal Pradesh",2004-05-30,https:https://xeno-canto.org/953958/download
953957.wav,Arborophila,torqueola,Hill Partridge,"Gairibas, Sandakphu Track, Darjeeling, North Bengal",2003-06-09,https:https://xeno-canto.org/953957/download
953956.wav,Arborophila,torqueola,Hill Partridge,"Rambi,Sanchal Wildlife Sanctuary,Darjeeling, West Bengal",2003-06-08,https:https://xeno-canto.org/953956/download
953954.wav,Arborophila,torqueola,Hill Partridge,"Rambi,Sanchal Wildlife Sanctuary,Darjeeling, West Bengal",2003-06-06,https:https://xeno-canto.org/953954/download
953953.wav,Arborophila,torqueola,Hill Partridge,"Chandar-Thungri, Dirang, Arunachal Pradesh",2000-05-12,https:https://xeno-canto.org/953953/download
953951.wav,Arborophila,torqueola,Hill Partridge,"Mussoorie, Uttarakhand",2000-03-18,https:https://xeno-canto.org/953951/download
953950.wav,Arborophila,torqueola,Hill Partridge,"Benog Wildlife Sanctuary, Mussoorie, Uttarakhand",2000-03-17,https:https://xeno-canto.org/953950/download
953949.wav,Arborophila,torqueola,Hill Partridge,"Benog Wildlife Sanctuary, Mussoorie, Uttarakhand",2000-03-17,https:https://xeno-canto.org/953949/download
953948.wav,Arborophila,torqueola,Hill Partridge,"Benog Wildlife Sanctuary, Mussoorie, Uttarakhand",2000-03-17,https:https://xeno-canto.org/953948/download
893877.wav,Arborophila,torqueola,Hill Partridge,"below Lama Camp, north slope",2024-02-23,https:https://xeno-canto.org/893877/download
797076.wav,Arborophila,torqueola,Hill Partridge,"Rudraprayag (near  Malkhi), Garhwal Division, Uttarakhand",2023-04-14,https:https://xeno-canto.org/797076/download
604990.wav,Arborophila,torqueola,Hill Partridge,"Lama Camp, near Eaglenest WLS, Arunachal Pradesh",2017-03-02,https:https://xeno-canto.org/604990/download
547608.wav,Arborophila,torqueola,Hill Partridge,"Sau Kharak, Uttarakhand",2019-07-10,https:https://xeno-canto.org/547608/download
472585.wav,Arborophila,torqueola,Hill Partridge,"Chopta, Kedarnath NP, Uttarakhand",2019-04-18,https:https://xeno-canto.org/472585/download
472584.wav,Arborophila,torqueola,Hill Partridge,"Chopta, Kedarnath NP, Uttarakhand",2019-04-18,https:https://xeno-canto.org/472584/download
292630.wav,Arborophila,torqueola,Hill Partridge,"Mayodia Pass, Arunachal Pradesh",2015-11-23,https:https://xeno-canto.org/292630/download
239503.wav,Arborophila,torqueola,Hill Partridge,"Shimla, Himachal Pradesh",2015-05-01,https:https://xeno-canto.org/239503/download
149872.wav,Arborophila,torqueola,Hill Partridge,Below Bompu Camp Eagles Nest at 1200 m,2013-04-05,https:https://xeno-canto.org/149872/download
79831.wav,Arborophila,torqueola,Hill Partridge,"Eaglenest Wildlife Sanctuary, Arunachal Pradesh",2011-04-22,https:https://xeno-canto.org/79831/download
79830.wav,Arborophila,torqueola,Hill Partridge,"Eaglenest Wildlife Sanctuary, Arunachal Pradesh",2011-04-22,https:https://xeno-canto.org/79830/download
79067.wav,Arborophila,torqueola,Hill Partridge,"Eaglenest Wildlife Sanctuary, Arunachal Pradesh",2010-12-07,https:https://xeno-canto.org/79067/download
78527.wav,Arborophila,torqueola,Hill Partridge,"Eaglenest Wildlife Sanctuary, Arunachal Pradesh",2011-04-17,https:https://xeno-canto.org/78527/download
21905.wav,Arborophila,torqueola,Hill Partridge,"Yingkiong, Arunachal Pradesh",2006-03-24,https:https://xeno-canto.org/21905/download
953985.wav,Arborophila,torqueola,Hill Partridge,"Fambong Lho Wildlife Sanctuary, Gangtok Sikkim",2018-07-04,https:https://xeno-canto.org/953985/download
953984.wav,Arborophila,torqueola,Hill Partridge,"Eaglenest Pass, Eaglenest Wildlife Sanctuary, Arunachal Pradesh",2014-04-29,https:https://xeno-canto.org/953984/download
953980.wav,Arborophila,torqueola,Hill Partridge,"Nainital Area, Uttarakhand",2010-05-02,https:https://xeno-canto.org/953980/download
953973.wav,Arborophila,torqueola,Hill Partridge,"Bompu-Chako,Eaglenest Wildlife Sanctuary, Arunachal Pradesh",2008-04-28,https:https://xeno-canto.org/953973/download
953972.wav,Arborophila,torqueola,Hill Partridge,"Eaglenest Wildlife Sanctuary, Arunachal Pradesh",2008-04-28,https:https://xeno-canto.org/953972/download
953969.wav,Arborophila,torqueola,Hill Partridge,"Bompu, Eaglenest Wildlife Sanctuary, Arunachal Pradesh",2008-04-03,https:https://xeno-canto.org/953969/download
953966.wav,Arborophila,torqueola,Hill Partridge,"Tsoka,Khangchendzonga National Park, Sikkim",2007-05-21,https:https://xeno-canto.org/953966/download
953963.wav,Arborophila,torqueola,Hill Partridge,"Sachin,Khangchendzonga National Park, Sikkim",2007-05-15,https:https://xeno-canto.org/953963/download
953960.wav,Arborophila,torqueola,Hill Partridge,"Sundarview, Eaglenest Wildlife Sanctuary, Arunachal Pradesh",2004-06-07,https:https://xeno-canto.org/953960/download
893868.wav,Arborophila,torqueola,Hill Partridge,"below Lama Camp, north slope",2024-02-23,https:https://xeno-canto.org/893868/download
893582.wav,Arborophila,torqueola,Hill Partridge,"Sunderview, Eaglenest, Arunachal Pradesh",2024-02-23,https:https://xeno-canto.org/893582/download
721717.wav,Arborophila,torqueola,Hill Partridge,Lama Camp Eagle Nest wildlife sanctuary Arunachal Pradesh,2017-03-02,https:https://xeno-canto.org/721717/download
547733.wav,Arborophila,torqueola,Hill Partridge,"George Everest, Uttarakhand",2019-04-17,https:https://xeno-canto.org/547733/download
474532.wav,Arborophila,torqueola,Hill Partridge,"Lama Camp, near Eaglenest WLS, Arunachal Pradesh",2019-03-24,https:https://xeno-canto.org/474532/download
472583.wav,Arborophila,torqueola,Hill Partridge,"Chopta, Kedarnath NP, Uttarakhand",2019-04-18,https:https://xeno-canto.org/472583/download
470305.wav,Arborophila,torqueola,Hill Partridge,"Eaglenest Pass, Eaglenest WLS, Arunachal Pradesh",2019-04-23,https:https://xeno-canto.org/470305/download
417967.wav,Arborophila,torqueola,Hill Partridge,"Makku Math, Rudraprayag, Uttarakhand",2018-04-12,https:https://xeno-canto.org/417967/download
407653.wav,Arborophila,torqueola,Hill Partridge,"Mud Hut, Chopta/Chamoli, Uttarakhand",2018-03-18,https:https://xeno-canto.org/407653/download
384143.wav,Arborophila,torqueola,Hill Partridge,"Uliyani, Pauri Garhwal, Uttarakhand",2017-07-27,https:https://xeno-canto.org/384143/download
356751.wav,Arborophila,torqueola,Hill Partridge,vinayak near pangot uttrakand,2016-04-08,https:https://xeno-canto.org/356751/download
323925.wav,Arborophila,torqueola,Hill Partridge,pangot  uttarakhand,2016-04-05,https:https://xeno-canto.org/323925/download
312143.wav,Arborophila,torqueola,Hill Partridge,Kedarnath Wild Life Sanctuary,2016-04-09,https:https://xeno-canto.org/312143/download
104132.wav,Arborophila,torqueola,Hill Partridge,pangot uttarakhand,2012-05-16,https:https://xeno-canto.org/104132/download
80002.wav,Arborophila,torqueola,Hill Partridge,"Eaglenest Wildlife Sanctuary, Arunachal Pradesh",2011-04-18,https:https://xeno-canto.org/80002/download
79833.wav,Arborophila,torqueola,Hill Partridge,"Eaglenest Wildlife Sanctuary, Arunachal Pradesh",2011-04-22,https:https://xeno-canto.org/79833/download
79832.wav,Arborophila,torqueola,Hill Partridge,"Eaglenest Wildlife Sanctuary, Arunachal Pradesh",2011-04-22,https:https://xeno-canto.org/79832/download
79829.wav,Arborophila,torqueola,Hill Partridge,"Eaglenest Wildlife Sanctuary, Arunachal Pradesh",2011-04-22,https:https://xeno-canto.org/79829/download
953991.wav,Arborophila,torqueola,Hill Partridge,"Tiwarigaon-Mayodia Road,Mehao Wildlife Sanctuary, Arunachal",2023-04-22,https:https://xeno-canto.org/953991/download
953955.wav,Arborophila,torqueola,Hill Partridge,"Tonglu, Sandakphu Track, Darjeeling, West Bengal",2003-06-08,https:https://xeno-canto.org/953955/download
806349.wav,Arborophila,torqueola,Hill Partridge,"Masrana, Mussoorie Forest Division",2023-05-07,https:https://xeno-canto.org/806349/download
788375.wav,Arborophila,torqueola,Hill Partridge,"Nainital (near  Naina Range), Kumaon Division, Uttarakhand",2023-02-16,https:https://xeno-canto.org/788375/download
426418.wav,Arborophila,torqueola,Hill Partridge,"Eagle Nest, Bompu camp area, Arrunachal Pradesh",2018-04-03,https:https://xeno-canto.org/426418/download
402014.wav,Arborophila,torqueola,Hill Partridge,sattal uttrakhand,2015-09-23,https:https://xeno-canto.org/402014/download
341556.wav,Arborophila,torqueola,Hill Partridge,"Jeolikote, Nainital, Uttarakhand",2016-10-19,https:https://xeno-canto.org/341556/download
74360.wav,Arborophila,torqueola,Hill Partridge,"Jungle Lore Birding Lodge, Pangot, Uttarakhand",2011-03-03,https:https://xeno-canto.org/74360/download
953987.wav,Arborophila,torqueola,Hill Partridge,"Fambong Lho Wildlife Sanctuary, Gangtok Sikkim",2018-07-05,https:https://xeno-canto.org/953987/download
953962.wav,Arborophila,torqueola,Hill Partridge,"Sachin,Khangchendzonga National Park, Sikkim",2007-05-12,https:https://xeno-canto.org/953962/download
953959.wav,Arborophila,torqueola,Hill Partridge,"Bompu-Chako, Eaglenest Wildlife Sanctuary, Arunachal Pradesh",2004-06-06,https:https://xeno-canto.org/953959/download
953952.wav,Arborophila,torqueola,Hill Partridge,"Mussoorie, Uttarakhand",2000-03-18,https:https://xeno-canto.org/953952/download
893586.wav,Arborophila,torqueola,Hill Partridge,"Sunderview, Eaglenest, Arunachal Pradesh",2024-02-23,https:https://xeno-canto.org/893586/download
532202.wav,Arborophila,torqueola,Hill Partridge,"latpanchar, Darjeeling, West Bengal",2020-03-05,https:https://xeno-canto.org/532202/download
953994.wav,Arborophila,torqueola,Hill Partridge,"Anini, Arunachal Pradesh",1997-12-26,https:https://xeno-canto.org/953994/download
953967.wav,Arborophila,torqueola,Hill Partridge,"Tsoka,Khangchendzonga National Park, Sikkim",2007-05-23,https:https://xeno-canto.org/953967/download
953964.wav,Arborophila,torqueola,Hill Partridge,"Sachin,Khangchendzonga National Park, Sikkim",2007-05-15,https:https://xeno-canto.org/953964/download
953696.wav,Arborophila,mandellii,Chestnut-breasted Partridge,"Mayodia Road, Mehao Wildlife Sanctuary,Arunachal Pradesh",2023-04-19,https:https://xeno-canto.org/953696/download
953695.wav,Arborophila,mandellii,Chestnut-breasted Partridge,"Mayodia Road, Mehao Wildlife Sanctuary,Arunachal Pradesh",2023-04-19,https:https://xeno-canto.org/953695/download
953694.wav,Arborophila,mandellii,Chestnut-breasted Partridge,"Bompu, Eaglenest Wildlife Sanctuary",2011-04-19,https:https://xeno-canto.org/953694/download
953691.wav,Arborophila,mandellii,Chestnut-breasted Partridge,"Bompu, Eaglenest Wildlife Sanctuary",2011-04-17,https:https://xeno-canto.org/953691/download
953690.wav,Arborophila,mandellii,Chestnut-breasted Partridge,"Bompu, Eaglenest Wildlife Sanctuary",2011-04-17,https:https://xeno-canto.org/953690/download
953687.wav,Arborophila,mandellii,Chestnut-breasted Partridge,"Bompu, Eaglenest Wildlife Sanctuary",2004-05-27,https:https://xeno-canto.org/953687/download
953686.wav,Arborophila,mandellii,Chestnut-breasted Partridge,"Bompu, Eaglenest Wildlife Sanctuary",2004-05-26,https:https://xeno-canto.org/953686/download
568802.wav,Arborophila,mandellii,Chestnut-breasted Partridge,"Bompu Camp, Eaglenest, Arunachal Pradesh",2017-03-04,https:https://xeno-canto.org/568802/download
568801.wav,Arborophila,mandellii,Chestnut-breasted Partridge,"Bompu Camp, Eaglenest, Arunachal Pradesh",2017-03-04,https:https://xeno-canto.org/568801/download
470186.wav,Arborophila,mandellii,Chestnut-breasted Partridge,"Lama Camp, near Eaglenest WLS, Arunachal Pradesh",2019-03-19,https:https://xeno-canto.org/470186/download
79920.wav,Arborophila,mandellii,Chestnut-breasted Partridge,"Eaglenest Wildlife Sanctuary, Arunachal Pradesh",2011-04-21,https:https://xeno-canto.org/79920/download
35457.wav,Arborophila,mandellii,Chestnut-breasted Partridge,"Bompu, Arunachal Pradesh",2009-02-15,https:https://xeno-canto.org/35457/download
21880.wav,Arborophila,mandellii,Chestnut-breasted Partridge,"Dibang Valley, Arunachal Pradesh",2006-03-17,https:https://xeno-canto.org/21880/download
953700.wav,Arborophila,mandellii,Chestnut-breasted Partridge,"above Jengging, Mouling National Park area,Arunachal Pradesh",1998-03-27,https:https://xeno-canto.org/953700/download
953699.wav,Arborophila,mandellii,Chestnut-breasted Partridge,"above Jengging, Mouling National Park area,Arunachal Pradesh",1998-03-27,https:https://xeno-canto.org/953699/download
953697.wav,Arborophila,mandellii,Chestnut-breasted Partridge,"above Jengging, Mouling National Park area,Arunachal Pradesh",1998-03-26,https:https://xeno-canto.org/953697/download
953693.wav,Arborophila,mandellii,Chestnut-breasted Partridge,"Bompu, Eaglenest Wildlife Sanctuary",2011-04-19,https:https://xeno-canto.org/953693/download
953692.wav,Arborophila,mandellii,Chestnut-breasted Partridge,"Bompu, Eaglenest Wildlife Sanctuary",2011-04-19,https:https://xeno-canto.org/953692/download
953689.wav,Arborophila,mandellii,Chestnut-breasted Partridge,"Bompu, Eaglenest Wildlife Sanctuary",2008-04-23,https:https://xeno-canto.org/953689/download
953688.wav,Arborophila,mandellii,Chestnut-breasted Partridge,"Sesni-Bompu,Eaglenest Wildlife Sanctuary, Arunachal pradesh",2004-06-03,https:https://xeno-canto.org/953688/download
568799.wav,Arborophila,mandellii,Chestnut-breasted Partridge,"Bompu Camp, Eaglenest, Arunachal Pradesh",2017-03-04,https:https://xeno-canto.org/568799/download
426414.wav,Arborophila,mandellii,Chestnut-breasted Partridge,"Eagle Nest, Lama camp area, Arrunachal Pradesh",2018-03-29,https:https://xeno-canto.org/426414/download
426413.wav,Arborophila,mandellii,Chestnut-breasted Partridge,"Eagle Nest, Lama camp area, Arrunachal Pradesh",2018-03-29,https:https://xeno-canto.org/426413/download
79921.wav,Arborophila,mandellii,Chestnut-breasted Partridge,"Eaglenest Wildlife Sanctuary, Arunachal Pradesh",2011-04-21,https:https://xeno-canto.org/79921/download
18750.wav,Arborophila,mandellii,Chestnut-breasted Partridge,"Eaglenest Wildlife Sanctuary, Arunachal Pradesh",2006-04-07,https:https://xeno-canto.org/18750/download
891937.wav,Arborophila,mandellii,Chestnut-breasted Partridge,Thungri,2024-02-19,https:https://xeno-canto.org/891937/download
470188.wav,Arborophila,mandellii,Chestnut-breasted Partridge,"Mid Elevation, Mishmi Hills, Arunachal Pradesh",2019-04-07,https:https://xeno-canto.org/470188/download
21881.wav,Arborophila,mandellii,Chestnut-breasted Partridge,"Yingkiong, Arunachal Pradesh",2006-03-17,https:https://xeno-canto.org/21881/download
953698.wav,Arborophila,mandellii,Chestnut-breasted Partridge,"above Jengging, Mouling National Park area,Arunachal Pradesh",1998-03-27,https:https://xeno-canto.org/953698/download
954045.wav,Arborophila,rufogularis,Rufous-throated Partridge,"Tiwarigaon, Mehao Wildlife Sanctuary, Arunachal Pradesh",2024-07-12,https:https://xeno-canto.org/954045/download
954030.wav,Arborophila,rufogularis,Rufous-throated Partridge,"Mayodia Road, Mehao Wildlife Sanctuary, Arunachal Pradesh",2023-04-19,https:https://xeno-canto.org/954030/download
954022.wav,Arborophila,rufogularis,Rufous-throated Partridge,"Kohima-Khonoma, Nagaland",2018-11-05,https:https://xeno-canto.org/954022/download
954021.wav,Arborophila,rufogularis,Rufous-throated Partridge,"Khonoma-Dimapur Road, Nagaland",2017-05-14,https:https://xeno-canto.org/954021/download
954019.wav,Arborophila,rufogularis,Rufous-throated Partridge,"Tezu-Hyliang Road, Arunachal Pradesh",2017-05-02,https:https://xeno-canto.org/954019/download
954009.wav,Arborophila,rufogularis,Rufous-throated Partridge,"Itanagar Zoo, Arunachal Pradesh",2012-03-18,https:https://xeno-canto.org/954009/download
954006.wav,Arborophila,rufogularis,Rufous-throated Partridge,"Mayodia Road, Mehao Wildlife Sanctuary, Arunachal Pradesh",2009-04-26,https:https://xeno-canto.org/954006/download
954004.wav,Arborophila,rufogularis,Rufous-throated Partridge,"Sesni,Eaglenest Wildlife Sanctuary,Arunachal Pradesh",2008-04-13,https:https://xeno-canto.org/954004/download
954002.wav,Arborophila,rufogularis,Rufous-throated Partridge,"Khellong,Eaglenest Wildlife Sanctuary,Arunachal Pradesh",2008-04-07,https:https://xeno-canto.org/954002/download
953995.wav,Arborophila,rufogularis,Rufous-throated Partridge,"Latpanchar, Mahananda Wildlife Sanctuary,West Bengal",2002-06-21,https:https://xeno-canto.org/953995/download
80000.wav,Arborophila,rufogularis,Rufous-throated Partridge,"Eaglenest Wildlife Sanctuary, Arunachal Pradesh",2011-04-19,https:https://xeno-canto.org/80000/download
21941.wav,Arborophila,rufogularis,Rufous-throated Partridge,"Khonoma Village, Nagaland",2005-12-25,https:https://xeno-canto.org/21941/download
954042.wav,Arborophila,rufogularis,Rufous-throated Partridge,"Pakke-Kesang,Arunachal pradesh",2024-04-22,https:https://xeno-canto.org/954042/download
954040.wav,Arborophila,rufogularis,Rufous-throated Partridge,"Khonoma area,Nagaland",2024-03-06,https:https://xeno-canto.org/954040/download
954039.wav,Arborophila,rufogularis,Rufous-throated Partridge,"Khonoma area,Nagaland",2024-03-06,https:https://xeno-canto.org/954039/download
954036.wav,Arborophila,rufogularis,Rufous-throated Partridge,"Tiwarigaon, Mehao Wildlife Sanctuary, Arunachal Pradesh",2023-04-23,https:https://xeno-canto.org/954036/download
954023.wav,Arborophila,rufogularis,Rufous-throated Partridge,"Kohima-Khonoma, Nagaland",2018-11-05,https:https://xeno-canto.org/954023/download
954020.wav,Arborophila,rufogularis,Rufous-throated Partridge,"Khonoma-Dimapur Road, Nagaland",2017-05-14,https:https://xeno-canto.org/954020/download
954015.wav,Arborophila,rufogularis,Rufous-throated Partridge,"Blue Mountain National Park, Mizoram",2016-03-16,https:https://xeno-canto.org/954015/download
954014.wav,Arborophila,rufogularis,Rufous-throated Partridge,"Murlen National Park, Mizoram",2014-11-04,https:https://xeno-canto.org/954014/download
954013.wav,Arborophila,rufogularis,Rufous-throated Partridge,"Murlen National Park, Mizoram",2014-11-04,https:https://xeno-canto.org/954013/download
954012.wav,Arborophila,rufogularis,Rufous-throated Partridge,"Murlen National Park, Mizoram",2014-11-04,https:https://xeno-canto.org/954012/download
954003.wav,Arborophila,rufogularis,Rufous-throated Partridge,"Khellong,Eaglenest Wildlife Sanctuary,Arunachal Pradesh",2008-04-09,https:https://xeno-canto.org/954003/download
891981.wav,Arborophila,rufogularis,Rufous-throated Partridge,"Sessni Camp, Eaglenest, Arunachal Pradesh",2024-02-20,https:https://xeno-canto.org/891981/download
881473.wav,Arborophila,rufogularis,Rufous-throated Partridge,Below Bompu Camp Eaglenest WLS,2024-02-20,https:https://xeno-canto.org/881473/download
455215.wav,Arborophila,rufogularis,Rufous-throated Partridge,"Benreu, Peren, Nagaland",2018-11-07,https:https://xeno-canto.org/455215/download
426417.wav,Arborophila,rufogularis,Rufous-throated Partridge,"Eagle Nest, Sessni area and lower, Arrunachal Pradesh",2018-04-02,https:https://xeno-canto.org/426417/download
426416.wav,Arborophila,rufogularis,Rufous-throated Partridge,"Eagle Nest, Sessni area and lower, Arrunachal Pradesh",2018-04-02,https:https://xeno-canto.org/426416/download
426415.wav,Arborophila,rufogularis,Rufous-throated Partridge,"Eagle Nest, Sessni area and lower, Arrunachal Pradesh",2018-04-02,https:https://xeno-canto.org/426415/download
324476.wav,Arborophila,rufogularis,Rufous-throated Partridge,pangot  uttarakhand,2016-04-05,https:https://xeno-canto.org/324476/download
201075.wav,Arborophila,rufogularis,Rufous-throated Partridge,"Eaglenest Wildlife Sanctuary, Arunachal Pradesh",2013-04-28,https:https://xeno-canto.org/201075/download
80001.wav,Arborophila,rufogularis,Rufous-throated Partridge,"Eaglenest Wildlife Sanctuary, Arunachal Pradesh",2011-04-19,https:https://xeno-canto.org/80001/download
954043.wav,Arborophila,rufogularis,Rufous-throated Partridge,"Pakke-Kesang-Seijusa Road,Arunachal pradesh",2024-04-23,https:https://xeno-canto.org/954043/download
954034.wav,Arborophila,rufogularis,Rufous-throated Partridge,"Mayodia Road, Mehao Wildlife Sanctuary, Arunachal Pradesh",2023-04-23,https:https://xeno-canto.org/954034/download
954033.wav,Arborophila,rufogularis,Rufous-throated Partridge,"Mayodia Road, Mehao Wildlife Sanctuary, Arunachal Pradesh",2023-04-22,https:https://xeno-canto.org/954033/download
954032.wav,Arborophila,rufogularis,Rufous-throated Partridge,"Tiwarigaon, Mehao Wildlife Sanctuary, Arunachal Pradesh",2023-04-22,https:https://xeno-canto.org/954032/download
954029.wav,Arborophila,rufogularis,Rufous-throated Partridge,"Mayodia Road, Mehao Wildlife Sanctuary, Arunachal Pradesh",2023-04-17,https:https://xeno-canto.org/954029/download
954028.wav,Arborophila,rufogularis,Rufous-throated Partridge,"Deban area,Namdapha National Park,2023-04-08 Pradesh",2013-04-08,https:https://xeno-canto.org/954028/download
954027.wav,Arborophila,rufogularis,Rufous-throated Partridge,"Daribokgre, Nokrek National Park, Meghalaya",2022-03-11,https:https://xeno-canto.org/954027/download
954026.wav,Arborophila,rufogularis,Rufous-throated Partridge,"Daribokgre, Nokrek National Park, Meghalaya",2022-03-11,https:https://xeno-canto.org/954026/download
954025.wav,Arborophila,rufogularis,Rufous-throated Partridge,"Daribokgre, Nokrek National Park, Meghalaya",2022-03-09,https:https://xeno-canto.org/954025/download
954024.wav,Arborophila,rufogularis,Rufous-throated Partridge,"Daribokgre, Nokrek National Park, Meghalaya",2022-03-08,https:https://xeno-canto.org/954024/download
954018.wav,Arborophila,rufogularis,Rufous-throated Partridge,"Dzuleke, Khonoma, Nagaland",2016-04-01,https:https://xeno-canto.org/954018/download
954017.wav,Arborophila,rufogularis,Rufous-throated Partridge,"Blue Mountain National Park, Mizoram",2016-03-19,https:https://xeno-canto.org/954017/download
954016.wav,Arborophila,rufogularis,Rufous-throated Partridge,"Blue Mountain National Park, Mizoram",2016-03-17,https:https://xeno-canto.org/954016/download
954010.wav,Arborophila,rufogularis,Rufous-throated Partridge,"Murlen National Park, Mizoram",2014-11-04,https:https://xeno-canto.org/954010/download
954007.wav,Arborophila,rufogularis,Rufous-throated Partridge,"Upper Khellong,Eaglenest Wildlife Sanctuary,Arunachal Pradesh",2011-04-20,https:https://xeno-canto.org/954007/download
954005.wav,Arborophila,rufogularis,Rufous-throated Partridge,"Tiwarigaon, Mehao Wildlife Sanctuary, Arunachal Pradesh",2009-04-26,https:https://xeno-canto.org/954005/download
954001.wav,Arborophila,rufogularis,Rufous-throated Partridge,"Sesni,Eaglenest Wildlife Sanctuary,Arunachal Pradesh",2008-04-02,https:https://xeno-canto.org/954001/download
954000.wav,Arborophila,rufogularis,Rufous-throated Partridge,"Nokrek National Park,Meghalaya",2007-11-19,https:https://xeno-canto.org/954000/download
604160.wav,Arborophila,rufogularis,Rufous-throated Partridge,"Sessni Camp, Eaglenest, Arunachal Pradesh",2017-03-04,https:https://xeno-canto.org/604160/download
138650.wav,Arborophila,rufogularis,Rufous-throated Partridge,"Sattal, Nainital, Uttarakhand",2013-05-18,https:https://xeno-canto.org/138650/download
79922.wav,Arborophila,rufogularis,Rufous-throated Partridge,"Eaglenest Wildlife Sanctuary, Arunachal Pradesh",2011-04-21,https:https://xeno-canto.org/79922/download
35518.wav,Arborophila,rufogularis,Rufous-throated Partridge,"Bompu, Arunachal Pradesh",2009-02-16,https:https://xeno-canto.org/35518/download
21940.wav,Arborophila,rufogularis,Rufous-throated Partridge,"Yingkiong, Arunachal Pradesh",2006-03-22,https:https://xeno-canto.org/21940/download
954048.wav,Arborophila,rufogularis,Rufous-throated Partridge,"Hawa Pass, Hayliang Road,Arunachal Pradesh",1998-01-02,https:https://xeno-canto.org/954048/download
954047.wav,Arborophila,rufogularis,Rufous-throated Partridge,"Glaw lake, Kamlang Tiger Reserve, Arunachal Pradesh",1997-10-12,https:https://xeno-canto.org/954047/download
954046.wav,Arborophila,rufogularis,Rufous-throated Partridge,"Glaw lake, Kamlang Tiger Reserve, Arunachal Pradesh",1997-10-12,https:https://xeno-canto.org/954046/download
954044.wav,Arborophila,rufogularis,Rufous-throated Partridge,"Pakke-Kesang-Seijusa Road,Arunachal pradesh",2024-04-23,https:https://xeno-canto.org/954044/download
954041.wav,Arborophila,rufogularis,Rufous-throated Partridge,"Pakke-Kesang,Arunachal pradesh",2024-04-22,https:https://xeno-canto.org/954041/download
954031.wav,Arborophila,rufogularis,Rufous-throated Partridge,"Mayodia Road, Mehao Wildlife Sanctuary, Arunachal Pradesh",2023-04-20,https:https://xeno-canto.org/954031/download
954011.wav,Arborophila,rufogularis,Rufous-throated Partridge,"Murlen National Park, Mizoram",2014-11-04,https:https://xeno-canto.org/954011/download
954008.wav,Arborophila,rufogularis,Rufous-throated Partridge,"Sesni,Eaglenest Wildlife Sanctuary,Arunachal Pradesh",2011-04-20,https:https://xeno-canto.org/954008/download
953997.wav,Arborophila,rufogularis,Rufous-throated Partridge,"Sesni,Eaglenest Wildlife Sanctuary,Arunachal Pradesh",2004-05-29,https:https://xeno-canto.org/953997/download
891966.wav,Arborophila,rufogularis,Rufous-throated Partridge,Below Bompu Camp Eaglenest WLS,2024-02-20,https:https://xeno-canto.org/891966/download
954038.wav,Arborophila,rufogularis,Rufous-throated Partridge,Jotsma-Pulibadzee Kohima NJotsma-Pulibadzee Kohima Nagalandagaland,2024-03-05,https:https://xeno-canto.org/954038/download
954037.wav,Arborophila,rufogularis,Rufous-throated Partridge,"Tiwarigaon, Mehao Wildlife Sanctuary, Arunachal Pradesh",2023-04-23,https:https://xeno-canto.org/954037/download
954035.wav,Arborophila,rufogularis,Rufous-throated Partridge,"Tiwarigaon, Mehao Wildlife Sanctuary, Arunachal Pradesh",2023-04-23,https:https://xeno-canto.org/954035/download
953999.wav,Arborophila,rufogularis,Rufous-throated Partridge,"Blue Mountain National Park, Mizoram",2006-12-16,https:https://xeno-canto.org/953999/download
953998.wav,Arborophila,rufogularis,Rufous-throated Partridge,"Blue Mountain National Park, Mizoram",2006-12-15,https:https://xeno-canto.org/953998/download
953996.wav,Arborophila,rufogularis,Rufous-throated Partridge,"Bompu,Eaglenest Wildlife Sanctuary,Arunachal Pradesh",2004-05-28,https:https://xeno-canto.org/953996/download
953684.wav,Arborophila,atrogularis,White-cheeked Partridge,"Seijua West Bank, Pakke Tiger Reserve, Arunachal Pradesh",2024-04-20,https:https://xeno-canto.org/953684/download
953683.wav,Arborophila,atrogularis,White-cheeked Partridge,"Seijua West Bank, Pakke Tiger Reserve, Arunachal Pradesh",2024-04-20,https:https://xeno-canto.org/953683/download
953679.wav,Arborophila,atrogularis,White-cheeked Partridge,"Seijua West Bank, Pakke Tiger Reserve, Arunachal Pradesh",2024-04-14,https:https://xeno-canto.org/953679/download
953663.wav,Arborophila,atrogularis,White-cheeked Partridge,"Nongkhyllem Wildlife Sanctuary, Meghalaya",2022-03-27,https:https://xeno-canto.org/953663/download
953659.wav,Arborophila,atrogularis,White-cheeked Partridge,"Baghamara Reserve Forest, Meghalaya",2022-03-13,https:https://xeno-canto.org/953659/download
953656.wav,Arborophila,atrogularis,White-cheeked Partridge,"Daribokgre, near Nokrek National Park,Meghalaya",2022-03-09,https:https://xeno-canto.org/953656/download
953648.wav,Arborophila,atrogularis,White-cheeked Partridge,"Teirei,Dampa Tiger Reserve, Mizoram",2016-03-25,https:https://xeno-canto.org/953648/download
953647.wav,Arborophila,atrogularis,White-cheeked Partridge,"Pakke Tiger Reserve, Arunachal Pradesh",2011-04-09,https:https://xeno-canto.org/953647/download
953643.wav,Arborophila,atrogularis,White-cheeked Partridge,"Dampa Tiger Reserve, Mizoram",2006-12-12,https:https://xeno-canto.org/953643/download
426421.wav,Arborophila,atrogularis,White-cheeked Partridge,"Manas National Park, Assam",2018-04-08,https:https://xeno-canto.org/426421/download
156569.wav,Arborophila,atrogularis,White-cheeked Partridge,"Digboi Oilfields, Assam",2013-04-05,https:https://xeno-canto.org/156569/download
156568.wav,Arborophila,atrogularis,White-cheeked Partridge,"Digboi Oilfields, Assam",2013-04-05,https:https://xeno-canto.org/156568/download
156567.wav,Arborophila,atrogularis,White-cheeked Partridge,"Digboi Oilfields, Assam",2013-04-05,https:https://xeno-canto.org/156567/download
953682.wav,Arborophila,atrogularis,White-cheeked Partridge,"Seijua West Bank, Pakke Tiger Reserve, Arunachal Pradesh",2024-04-16,https:https://xeno-canto.org/953682/download
953681.wav,Arborophila,atrogularis,White-cheeked Partridge,"Seijua West Bank, Pakke Tiger Reserve, Arunachal Pradesh",2024-04-16,https:https://xeno-canto.org/953681/download
953678.wav,Arborophila,atrogularis,White-cheeked Partridge,"Seijua West Bank, Pakke Tiger Reserve, Arunachal Pradesh",2024-04-12,https:https://xeno-canto.org/953678/download
953667.wav,Arborophila,atrogularis,White-cheeked Partridge,"Deban-22nd Mile, Namdapha National Park,Arunachal Pradesh",2023-04-09,https:https://xeno-canto.org/953667/download
953665.wav,Arborophila,atrogularis,White-cheeked Partridge,"Deban-Gibbonsland, Namdapha National Park,Arunachal Pradesh",2023-04-01,https:https://xeno-canto.org/953665/download
953662.wav,Arborophila,atrogularis,White-cheeked Partridge,"Nongkhyllem Wildlife Sanctuary, Meghalaya",2022-03-27,https:https://xeno-canto.org/953662/download
953661.wav,Arborophila,atrogularis,White-cheeked Partridge,"Nongkhyllem Wildlife Sanctuary, Meghalaya",2022-03-26,https:https://xeno-canto.org/953661/download
953660.wav,Arborophila,atrogularis,White-cheeked Partridge,"Baghamara Reserve Forest, Meghalaya",2022-03-17,https:https://xeno-canto.org/953660/download
953657.wav,Arborophila,atrogularis,White-cheeked Partridge,"Daribokgre, near Nokrek National Park,Meghalaya",2022-03-09,https:https://xeno-canto.org/953657/download
953646.wav,Arborophila,atrogularis,White-cheeked Partridge,"Namdapha National Park, Arunachal pradesh",2008-12-06,https:https://xeno-canto.org/953646/download
953644.wav,Arborophila,atrogularis,White-cheeked Partridge,"Terei, Dampa Tiger Reserve, Mizoram",2006-12-12,https:https://xeno-canto.org/953644/download
953642.wav,Arborophila,atrogularis,White-cheeked Partridge,"Dampa Tiger Reserve, Mizoram",2006-12-10,https:https://xeno-canto.org/953642/download
953640.wav,Arborophila,atrogularis,White-cheeked Partridge,"Nongkhyllem Wildlife Sanctuary, Meghalaya",2002-06-08,https:https://xeno-canto.org/953640/download
777568.wav,Arborophila,atrogularis,White-cheeked Partridge,"Garbhanga Forest (near  Guwahati), Kamrup Metropolitan, Assam",2023-01-29,https:https://xeno-canto.org/777568/download
426419.wav,Arborophila,atrogularis,White-cheeked Partridge,"Manas National Park, Assam",2018-04-08,https:https://xeno-canto.org/426419/download
417071.wav,Arborophila,atrogularis,White-cheeked Partridge,"Manas National Park,Baksa, Assam",2018-05-23,https:https://xeno-canto.org/417071/download
417070.wav,Arborophila,atrogularis,White-cheeked Partridge,"Manas National Park,Baksa, Assam",2018-05-23,https:https://xeno-canto.org/417070/download
156566.wav,Arborophila,atrogularis,White-cheeked Partridge,"Digboi Oilfields, Assam",2013-04-05,https:https://xeno-canto.org/156566/download
121570.wav,Arborophila,atrogularis,White-cheeked Partridge,Namdapha,2003-01-15,https:https://xeno-canto.org/121570/download
100805.wav,Arborophila,atrogularis,White-cheeked Partridge,Namdapha,2011-10-00,https:https://xeno-canto.org/100805/download
20038.wav,Arborophila,atrogularis,White-cheeked Partridge,"Nameri National Park, Assam",2007-08-01,https:https://xeno-canto.org/20038/download
953685.wav,Arborophila,atrogularis,White-cheeked Partridge,"Namdapha National Park, Arunachal Pradesh",1997-10-09,https:https://xeno-canto.org/953685/download
953680.wav,Arborophila,atrogularis,White-cheeked Partridge,"Seijua West Bank, Pakke Tiger Reserve, Arunachal Pradesh",2024-04-16,https:https://xeno-canto.org/953680/download
953675.wav,Arborophila,atrogularis,White-cheeked Partridge,"Seijua West Bank, Pakke Tiger Reserve, Arunachal Pradesh",2024-01-18,https:https://xeno-canto.org/953675/download
953668.wav,Arborophila,atrogularis,White-cheeked Partridge,"Deban-22nd Mile, Namdapha National Park,Arunachal Pradesh",2023-04-09,https:https://xeno-canto.org/953668/download
953666.wav,Arborophila,atrogularis,White-cheeked Partridge,"Burma Nalla, Namdapha National Park, Arunachal Pradesh",2023-04-05,https:https://xeno-canto.org/953666/download
953664.wav,Arborophila,atrogularis,White-cheeked Partridge,"Nongkhyllem Wildlife Sanctuary, Meghalaya",2022-03-28,https:https://xeno-canto.org/953664/download
953655.wav,Arborophila,atrogularis,White-cheeked Partridge,"Hayliang Road,Tezu, Arunachal Pradesh",2017-04-30,https:https://xeno-canto.org/953655/download
426420.wav,Arborophila,atrogularis,White-cheeked Partridge,"Manas National Park, Assam",2018-04-08,https:https://xeno-canto.org/426420/download
79441.wav,Arborophila,atrogularis,White-cheeked Partridge,"Digboi, Tinsukia District, Assam",1998-01-02,https:https://xeno-canto.org/79441/download
953677.wav,Arborophila,atrogularis,White-cheeked Partridge,"Khari-Seijusa West Bank, Pakke Tiger Reserve, Arunachal Pradesh",2024-01-19,https:https://xeno-canto.org/953677/download
953676.wav,Arborophila,atrogularis,White-cheeked Partridge,"Khari-Seijusa West Bank, Pakke Tiger Reserve, Arunachal Pradesh",2024-01-19,https:https://xeno-canto.org/953676/download
953674.wav,Arborophila,atrogularis,White-cheeked Partridge,"Upper Dikrai, Pakke Tiger Reserve, Arunachal Pradesh",2023-12-27,https:https://xeno-canto.org/953674/download
953654.wav,Arborophila,atrogularis,White-cheeked Partridge,"Trishna Wildlife Sanctuary area, Tripura",2016-12-27,https:https://xeno-canto.org/953654/download
953651.wav,Arborophila,atrogularis,White-cheeked Partridge,"Trishna Wildlife Sanctuary area, Tripura",2016-12-27,https:https://xeno-canto.org/953651/download
953641.wav,Arborophila,atrogularis,White-cheeked Partridge,"Bulbulia, Namdapha National Park, Arunachal pradesh",2003-03-05,https:https://xeno-canto.org/953641/download
953673.wav,Arborophila,atrogularis,White-cheeked Partridge,"Khari, Pakke Tiger Reserve,Arunachal Pradesh",2023-12-25,https:https://xeno-canto.org/953673/download
953672.wav,Arborophila,atrogularis,White-cheeked Partridge,"Sally Lake,Roing-Mayodia Road, Arunachal Pradesh",2023-04-18,https:https://xeno-canto.org/953672/download
953671.wav,Arborophila,atrogularis,White-cheeked Partridge,"Sally Lake,Roing-Mayodia Road, Arunachal Pradesh",2023-04-18,https:https://xeno-canto.org/953671/download
953670.wav,Arborophila,atrogularis,White-cheeked Partridge,"Deban-Vijaynagar Road, Namdapha National Park, Arunachal Pradesh",2023-04-11,https:https://xeno-canto.org/953670/download
953669.wav,Arborophila,atrogularis,White-cheeked Partridge,"Deban-Vijaynagar Road, Namdapha National Park, Arunachal Pradesh",2023-04-11,https:https://xeno-canto.org/953669/download
953658.wav,Arborophila,atrogularis,White-cheeked Partridge,"Daribokgre, near Nokrek National Park,Meghalaya",2022-03-11,https:https://xeno-canto.org/953658/download
953653.wav,Arborophila,atrogularis,White-cheeked Partridge,"Trishna Wildlife Sanctuary area, Tripura",2016-12-27,https:https://xeno-canto.org/953653/download
953652.wav,Arborophila,atrogularis,White-cheeked Partridge,"Trishna Wildlife Sanctuary area, Tripura",2016-12-27,https:https://xeno-canto.org/953652/download
953650.wav,Arborophila,atrogularis,White-cheeked Partridge,"Khari, Pakke Tiger Reserve,Arunachal Pradesh",2016-05-18,https:https://xeno-canto.org/953650/download
953649.wav,Arborophila,atrogularis,White-cheeked Partridge,"Khari, Pakke Tiger Reserve,Arunachal Pradesh",2016-05-17,https:https://xeno-canto.org/953649/download
953645.wav,Arborophila,atrogularis,White-cheeked Partridge,"Namdapha National Park, Arunachal pradesh",2008-12-03,https:https://xeno-canto.org/953645/download
569023.wav,Lerwa,lerwa,Snow Partridge,"Sela pass area, Arrunachal Pradesh",2017-02-28,https:https://xeno-canto.org/569023/download
426652.wav,Lerwa,lerwa,Snow Partridge,"Sela pass area, Arrunachal Pradesh",2018-04-04,https:https://xeno-canto.org/426652/download
426650.wav,Lerwa,lerwa,Snow Partridge,"Sela pass area, Arrunachal Pradesh",2018-04-04,https:https://xeno-canto.org/426650/download
884689.wav,Lerwa,lerwa,Snow Partridge,Sela Pass,2024-02-16,https:https://xeno-canto.org/884689/download
569021.wav,Lerwa,lerwa,Snow Partridge,"Sela pass area, Arrunachal Pradesh",2017-02-28,https:https://xeno-canto.org/569021/download
569020.wav,Lerwa,lerwa,Snow Partridge,"Sela pass area, Arrunachal Pradesh",2017-02-28,https:https://xeno-canto.org/569020/download
426651.wav,Lerwa,lerwa,Snow Partridge,"Sela pass area, Arrunachal Pradesh",2018-04-04,https:https://xeno-canto.org/426651/download
189386.wav,Lerwa,lerwa,Snow Partridge,"Se La Pass, Tawang",2010-12-16,https:https://xeno-canto.org/189386/download
721844.wav,Lerwa,lerwa,Snow Partridge,"Sela pass area, Arrunachal Pradesh",2017-02-28,https:https://xeno-canto.org/721844/download
138648.wav,Lerwa,lerwa,Snow Partridge,"Tungnath, Chamoli, Uttarakhand",2013-05-24,https:https://xeno-canto.org/138648/download
889114.wav,Ithaginis,cruentus,Blood Pheasant,Sela Pass,2024-02-16,https:https://xeno-canto.org/889114/download
472179.wav,Ithaginis,cruentus,Blood Pheasant,"Sela pass area, Arrunachal Pradesh",2019-04-25,https:https://xeno-canto.org/472179/download
426646.wav,Ithaginis,cruentus,Blood Pheasant,"Sela pass area, Arrunachal Pradesh",2018-04-04,https:https://xeno-canto.org/426646/download
426645.wav,Ithaginis,cruentus,Blood Pheasant,"Sela pass area, Arrunachal Pradesh",2018-04-04,https:https://xeno-canto.org/426645/download
426644.wav,Ithaginis,cruentus,Blood Pheasant,"Sela pass area, Arrunachal Pradesh",2018-04-04,https:https://xeno-canto.org/426644/download
337957.wav,Tragopan,melanocephalus,Western Tragopan,"Shimla, Himachal Pradesh",2016-05-05,https:https://xeno-canto.org/337957/download
114354.wav,Tragopan,melanocephalus,Western Tragopan,"Sarahan, Shimla, Himachal Pradesh",2012-04-26,https:https://xeno-canto.org/114354/download
114304.wav,Tragopan,melanocephalus,Western Tragopan,"Sarahan, Shimla, Himachal Pradesh",2012-05-02,https:https://xeno-canto.org/114304/download
901656.wav,Tragopan,melanocephalus,Western Tragopan,"Chordwari, Great Himalayan National park Himachal Pradesh",2024-05-03,https:https://xeno-canto.org/901656/download
901655.wav,Tragopan,melanocephalus,Western Tragopan,"Chordwari, Great Himalayan National park Himachal Pradesh",2024-05-03,https:https://xeno-canto.org/901655/download
901654.wav,Tragopan,melanocephalus,Western Tragopan,"Chordwari, Great Himalayan National park Himachal Pradesh",2024-05-03,https:https://xeno-canto.org/901654/download
946470.wav,Tragopan,satyra,Satyr Tragopan,"Sandakphu Track, West bengal",2008-05-11,https:https://xeno-canto.org/946470/download
946469.wav,Tragopan,satyra,Satyr Tragopan,"Tsoka, Khangchendzonga National Park, Sikkim",2007-05-24,https:https://xeno-canto.org/946469/download
21197.wav,Tragopan,satyra,Satyr Tragopan,"Yingkiong, Arunachal Pradesh",2006-03-25,https:https://xeno-canto.org/21197/download
946468.wav,Tragopan,satyra,Satyr Tragopan,"Tsoka, Khangchendzonga National Park, Sikkim",2007-05-22,https:https://xeno-canto.org/946468/download
75427.wav,Tragopan,satyra,Satyr Tragopan,"Near Gairibas, Singalila National Park, India.",2011-03-29,https:https://xeno-canto.org/75427/download
878182.wav,Tragopan,blythii,Blyth's Tragopan,"Eaglenest Wildlife Sanctuary, Arunachal Pradesh",2024-02-23,https:https://xeno-canto.org/878182/download
316657.wav,Tragopan,blythii,Blyth's Tragopan,"Sundarview, Eaglenest Wildlife Sanctuary, Arunachal Pradesh, India",2016-01-05,https:https://xeno-canto.org/316657/download
158062.wav,Tragopan,blythii,Blyth's Tragopan,"Mishmi Hills, below  Muyudia hotel, 2000-2400m, Arunachal Pradesh",2013-04-10,https:https://xeno-canto.org/158062/download
106769.wav,Tragopan,blythii,Blyth's Tragopan,"Eaglenest Wildlife Sanctuary, Arunachal Pradesh",2012-04-25,https:https://xeno-canto.org/106769/download
80662.wav,Tragopan,blythii,Blyth's Tragopan,"Eaglenest Wildlife Sanctuary, Arunachal Pradesh",2011-03-24,https:https://xeno-canto.org/80662/download
21137.wav,Tragopan,blythii,Blyth's Tragopan,"Mayodia Pass, Arunachal Pradesh",2006-03-18,https:https://xeno-canto.org/21137/download
946476.wav,Tragopan,blythii,Blyth's Tragopan,"Mehao Wildlife Sanctuary, Arunachal Pradesh",2023-04-21,https:https://xeno-canto.org/946476/download
893602.wav,Tragopan,blythii,Blyth's Tragopan,"Sunderview, Eaglenest, Arunachal Pradesh",2024-02-23,https:https://xeno-canto.org/893602/download
893595.wav,Tragopan,blythii,Blyth's Tragopan,"Sunderview, Eaglenest, Arunachal Pradesh",2024-02-23,https:https://xeno-canto.org/893595/download
946475.wav,Tragopan,blythii,Blyth's Tragopan,"Eaglenest Wildlife Sanctuary, Arunachal Pradesh",2011-04-19,https:https://xeno-canto.org/946475/download
946474.wav,Tragopan,blythii,Blyth's Tragopan,"Eaglenest Wildlife Sanctuary, Arunachal Pradesh",2011-04-19,https:https://xeno-canto.org/946474/download
946472.wav,Tragopan,blythii,Blyth's Tragopan,"Eaglenest Wildlife Sanctuary, Arunachal Pradesh",2011-04-19,https:https://xeno-canto.org/946472/download
946471.wav,Tragopan,blythii,Blyth's Tragopan,"Mehao Wildlife Sanctuary, Arunachal Pradesh",2009-04-29,https:https://xeno-canto.org/946471/download
455213.wav,Tragopan,blythii,Blyth's Tragopan,"Benreu, Peren, Nagaland",2018-11-07,https:https://xeno-canto.org/455213/download
426951.wav,Tragopan,blythii,Blyth's Tragopan,"Eagle Nest, Bompu camp area, Arrunachal Pradesh",2018-04-01,https:https://xeno-canto.org/426951/download
158061.wav,Tragopan,blythii,Blyth's Tragopan,"Mishmi Hills, below  Muyudia hotel, 2000-2400m, Arunachal Pradesh",2013-04-09,https:https://xeno-canto.org/158061/download
106122.wav,Tragopan,blythii,Blyth's Tragopan,"Eaglenest Wildlife Sanctuary, Arunachal Pradesh",2012-04-25,https:https://xeno-canto.org/106122/download
946473.wav,Tragopan,blythii,Blyth's Tragopan,"Eaglenest Wildlife Sanctuary, Arunachal Pradesh",2011-04-19,https:https://xeno-canto.org/946473/download
779306.wav,Tragopan,blythii,Blyth's Tragopan,Bompu Camp Eagles Nest at 1950 m,2017-03-06,https:https://xeno-canto.org/779306/download
470502.wav,Tragopan,blythii,Blyth's Tragopan,"Bompu Camp, Eaglenest, Arunachal Pradesh",2019-04-24,https:https://xeno-canto.org/470502/download
455214.wav,Tragopan,blythii,Blyth's Tragopan,"Benreu, Peren, Nagaland",2018-11-07,https:https://xeno-canto.org/455214/download
779305.wav,Tragopan,blythii,Blyth's Tragopan,Bompu Camp Eagles Nest at 1950 m,2017-03-06,https:https://xeno-canto.org/779305/download
201807.wav,Tragopan,temminckii,Temminck's Tragopan,"Eaglenest Wildlife Sanctuary, Arunachal Pradesh",2013-04-26,https:https://xeno-canto.org/201807/download
946556.wav,Lophophorus,impejanus,Himalayan Monal,"Soja-Jalori Pass Area,Himachal Pradesh",1999-06-16,https:https://xeno-canto.org/946556/download
946554.wav,Lophophorus,impejanus,Himalayan Monal,"Silt, Great Himalayan National Park Area,Arunachal Pradesh",1999-06-04,https:https://xeno-canto.org/946554/download
946553.wav,Lophophorus,impejanus,Himalayan Monal,"Silt, Great Himalayan National Park Area,Himachal Pradesh",1999-06-04,https:https://xeno-canto.org/946553/download
946552.wav,Lophophorus,impejanus,Himalayan Monal,"Soja-Jalori Pass Area,Arunachal Pradesh",1999-04-25,https:https://xeno-canto.org/946552/download
946551.wav,Lophophorus,impejanus,Himalayan Monal,"Mipi,Dibang Valley District,Arunachal Pradesh",1997-12-21,https:https://xeno-canto.org/946551/download
